{
  "$schema": "../../../node_modules/@microsoft/sp-module-interfaces/lib/manifestSchemas/jsonSchemas/clientSideComponentManifestSchema.json",

  "id": "3e96b4a2-b98d-4fa0-9215-b002192c2624",
  "alias": "SiteInfoWebPart",
  "componentType": "WebPart",
  "version": "0.0.1",
  "manifestVersion": 2,

  "preconfiguredEntries": [{
    "groupId": "3e96b4a2-b98d-4fa0-9215-b002192c2624",
    "group": { "default": "Under Development" },
    "title": { "default": "SiteInfo" },
    "description": { "default": "Web Part to give information about the current site (SPWeb)" },
    "officeFabricIconFontName": "Page",
    "properties": {
      "description": "SiteInfo for ",
      "showLists": false,
      "showUser": true
    }
  }]
}
